Season,Band,Parameter,Coefficient,Abs_Coefficient,VIP,VIP_Class,Influence_Class,R2_Train,R2_CV,RMSE_CV,Components
FULL_2015_2026,B2,Soil_Moisture,-0.341574155,0.341574155,1.059566229,High,Moderate,0.32236597,0.27024832,0.854255044,4
FULL_2015_2026,B2,CAMS_AOD,0.2404971,0.2404971,0.824454804,Moderate,Weak,0.32236597,0.27024832,0.854255044,4
FULL_2015_2026,B2,TCWV,0.063212321,0.063212321,1.125192875,High,Negligible,0.32236597,0.27024832,0.854255044,4
FULL_2015_2026,B2,Residual_NDVI,-0.451745165,0.451745165,0.965160441,Moderate,Strong,0.32236597,0.27024832,0.854255044,4
FULL_2015_2026,B3,Soil_Moisture,-0.422618285,0.422618285,1.179124421,High,Strong,0.398299629,0.354761013,0.803267693,3
FULL_2015_2026,B3,CAMS_AOD,0.299085953,0.299085953,0.958672056,Moderate,Moderate,0.398299629,0.354761013,0.803267693,3
FULL_2015_2026,B3,TCWV,0.077714379,0.077714379,1.104505732,High,Negligible,0.398299629,0.354761013,0.803267693,3
FULL_2015_2026,B3,Residual_NDVI,-0.366328545,0.366328545,0.686061641,Low,Moderate,0.398299629,0.354761013,0.803267693,3
FULL_2015_2026,B4,Soil_Moisture,-0.441064673,0.441064673,1.132628823,High,Strong,0.433372817,0.403859633,0.772101268,3
FULL_2015_2026,B4,CAMS_AOD,0.315089879,0.315089879,0.94134182,Moderate,Moderate,0.433372817,0.403859633,0.772101268,3
FULL_2015_2026,B4,TCWV,0.04170203,0.04170203,1.093766768,High,Negligible,0.433372817,0.403859633,0.772101268,3
FULL_2015_2026,B4,Residual_NDVI,-0.453034512,0.453034512,0.796681733,Low,Strong,0.433372817,0.403859633,0.772101268,3
FULL_2015_2026,B5,Soil_Moisture,-0.423144398,0.423144398,1.156387626,High,Strong,0.462473271,0.435977364,0.751014404,3
FULL_2015_2026,B5,CAMS_AOD,0.312760396,0.312760396,1.012344157,High,Moderate,0.462473271,0.435977364,0.751014404,3
FULL_2015_2026,B5,TCWV,0.156440988,0.156440988,1.154008514,High,Weak,0.462473271,0.435977364,0.751014404,3
FULL_2015_2026,B5,Residual_NDVI,-0.311201749,0.311201749,0.553345567,Low,Moderate,0.462473271,0.435977364,0.751014404,3
FULL_2015_2026,B8A,Soil_Moisture,-0.306644922,0.306644922,1.17579114,High,Moderate,0.414436612,0.370147964,0.793632179,1
FULL_2015_2026,B8A,CAMS_AOD,0.300342155,0.300342155,1.185591724,High,Moderate,0.414436612,0.370147964,0.793632179,1
FULL_2015_2026,B8A,TCWV,0.279055324,0.279055324,1.098147881,High,Moderate,0.414436612,0.370147964,0.793632179,1
FULL_2015_2026,B8A,Residual_NDVI,-0.024188525,0.024188525,0.077192565,Low,Negligible,0.414436612,0.370147964,0.793632179,1
FULL_2015_2026,B9,Soil_Moisture,-0.133383733,0.133383733,0.285219431,Low,Weak,0.3659376,0.277777702,0.84983663,2
FULL_2015_2026,B9,CAMS_AOD,0.28308792,0.28308792,0.530288882,Low,Moderate,0.3659376,0.277777702,0.84983663,2
FULL_2015_2026,B9,TCWV,-0.169039927,0.169039927,0.809269286,Moderate,Weak,0.3659376,0.277777702,0.84983663,2
FULL_2015_2026,B9,Residual_NDVI,-0.656221515,0.656221515,1.726999363,High,Very Strong,0.3659376,0.277777702,0.84983663,2
FULL_2015_2026,B11,Soil_Moisture,-0.526766434,0.526766434,1.279166825,High,Strong,0.568744037,0.540035463,0.678206854,3
FULL_2015_2026,B11,CAMS_AOD,0.327735082,0.327735082,0.980920611,Moderate,Moderate,0.568744037,0.540035463,0.678206854,3
FULL_2015_2026,B11,TCWV,0.147221375,0.147221375,1.093578152,High,Weak,0.568744037,0.540035463,0.678206854,3
FULL_2015_2026,B11,Residual_NDVI,-0.308708142,0.308708142,0.453446592,Low,Moderate,0.568744037,0.540035463,0.678206854,3
FULL_2015_2026,B12,Soil_Moisture,-0.51718634,0.51718634,1.246728825,High,Strong,0.542643992,0.513602726,0.697421877,3
FULL_2015_2026,B12,CAMS_AOD,0.342564684,0.342564684,0.960211567,Moderate,Moderate,0.542643992,0.513602726,0.697421877,3
FULL_2015_2026,B12,TCWV,0.088752888,0.088752888,1.082831854,High,Negligible,0.542643992,0.513602726,0.697421877,3
FULL_2015_2026,B12,Residual_NDVI,-0.386253378,0.386253378,0.59256743,Low,Moderate,0.542643992,0.513602726,0.697421877,3
Feb01_Jun15,B2,Soil_Moisture,-0.496101735,0.496101735,1.436093523,High,Strong,0.424633042,0.341005089,0.811785016,4
Feb01_Jun15,B2,CAMS_AOD,0.187425717,0.187425717,0.513899591,Low,Weak,0.424633042,0.341005089,0.811785016,4
Feb01_Jun15,B2,TCWV,0.150316535,0.150316535,1.001266243,High,Weak,0.424633042,0.341005089,0.811785016,4
Feb01_Jun15,B2,Residual_NDVI,-0.533215509,0.533215509,0.819151093,Moderate,Strong,0.424633042,0.341005089,0.811785016,4
Feb01_Jun15,B3,Soil_Moisture,-0.569432702,0.569432702,1.441645036,High,Strong,0.517271315,0.44953131,0.741935772,4
Feb01_Jun15,B3,CAMS_AOD,0.260287374,0.260287374,0.716425082,Low,Moderate,0.517271315,0.44953131,0.741935772,4
Feb01_Jun15,B3,TCWV,0.16698873,0.16698873,1.037233876,High,Weak,0.517271315,0.44953131,0.741935772,4
Feb01_Jun15,B3,Residual_NDVI,-0.40930926,0.40930926,0.576663314,Low,Strong,0.517271315,0.44953131,0.741935772,4
Feb01_Jun15,B4,Soil_Moisture,-0.609955532,0.609955532,1.465032829,High,Very Strong,0.555142082,0.499320823,0.707586869,4
Feb01_Jun15,B4,CAMS_AOD,0.28458381,0.28458381,0.712647433,Low,Moderate,0.555142082,0.499320823,0.707586869,4
Feb01_Jun15,B4,TCWV,0.12935155,0.12935155,0.990555277,Moderate,Weak,0.555142082,0.499320823,0.707586869,4
Feb01_Jun15,B4,Residual_NDVI,-0.450971296,0.450971296,0.603831674,Low,Strong,0.555142082,0.499320823,0.707586869,4
Feb01_Jun15,B5,Soil_Moisture,-0.58136349,0.58136349,1.390602672,High,Strong,0.595438449,0.54605607,0.673753612,4
Feb01_Jun15,B5,CAMS_AOD,0.277695813,0.277695813,0.821177989,Moderate,Moderate,0.595438449,0.54605607,0.673753612,4
Feb01_Jun15,B5,TCWV,0.231784397,0.231784397,1.094088074,High,Weak,0.595438449,0.54605607,0.673753612,4
Feb01_Jun15,B5,Residual_NDVI,-0.246655141,0.246655141,0.441431994,Low,Weak,0.595438449,0.54605607,0.673753612,4
Feb01_Jun15,B8A,Soil_Moisture,-0.294358342,0.294358342,1.15642057,High,Moderate,0.440690359,0.350060466,0.806188275,1
Feb01_Jun15,B8A,CAMS_AOD,0.263006041,0.263006041,1.04707409,High,Moderate,0.440690359,0.350060466,0.806188275,1
Feb01_Jun15,B8A,TCWV,0.30103152,0.30103152,1.205892806,High,Moderate,0.440690359,0.350060466,0.806188275,1
Feb01_Jun15,B8A,Residual_NDVI,0.109889599,0.109889599,0.334887823,Low,Weak,0.440690359,0.350060466,0.806188275,1
Feb01_Jun15,B9,Soil_Moisture,-0.12528486,0.12528486,0.229421326,Low,Weak,0.437349922,-0.214861997,1.102207783,4
Feb01_Jun15,B9,CAMS_AOD,0.304447135,0.304447135,0.504637393,Low,Moderate,0.437349922,-0.214861997,1.102207783,4
Feb01_Jun15,B9,TCWV,0.129781332,0.129781332,0.730705177,Low,Weak,0.437349922,-0.214861997,1.102207783,4
Feb01_Jun15,B9,Residual_NDVI,-0.708485822,0.708485822,1.777294826,High,Very Strong,0.437349922,-0.214861997,1.102207783,4
Feb01_Jun15,B11,Soil_Moisture,-0.585764983,0.585764983,1.442798231,High,Strong,0.581312264,0.539602774,0.678525774,2
Feb01_Jun15,B11,CAMS_AOD,0.182758478,0.182758478,0.787410408,Low,Weak,0.581312264,0.539602774,0.678525774,2
Feb01_Jun15,B11,TCWV,0.274772463,0.274772463,1.057189405,High,Moderate,0.581312264,0.539602774,0.678525774,2
Feb01_Jun15,B11,Residual_NDVI,-0.180896933,0.180896933,0.42505138,Low,Weak,0.581312264,0.539602774,0.678525774,2
Feb01_Jun15,B12,Soil_Moisture,-0.632772559,0.632772559,1.469388136,High,Very Strong,0.587909007,0.53827213,0.679505607,4
Feb01_Jun15,B12,CAMS_AOD,0.270131711,0.270131711,0.756464128,Low,Moderate,0.587909007,0.53827213,0.679505607,4
Feb01_Jun15,B12,TCWV,0.163342549,0.163342549,1.020922758,High,Weak,0.587909007,0.53827213,0.679505607,4
Feb01_Jun15,B12,Residual_NDVI,-0.315974172,0.315974172,0.475791184,Low,Moderate,0.587909007,0.53827213,0.679505607,4
Jun15_Dec15,B2,Soil_Moisture,-0.136364658,0.136364658,0.646268287,Low,Weak,0.306070092,0.257670311,0.861585567,1
Jun15_Dec15,B2,CAMS_AOD,0.154047601,0.154047601,0.730072443,Low,Weak,0.306070092,0.257670311,0.861585567,1
Jun15_Dec15,B2,TCWV,0.258795672,0.258795672,1.226501341,High,Moderate,0.306070092,0.257670311,0.861585567,1
Jun15_Dec15,B2,Residual_NDVI,-0.262274988,0.262274988,1.242990743,High,Moderate,0.306070092,0.257670311,0.861585567,1
Jun15_Dec15,B3,Soil_Moisture,-0.186229752,0.186229752,0.816498796,Moderate,Weak,0.359326307,0.326964593,0.820387352,1
Jun15_Dec15,B3,CAMS_AOD,0.198780577,0.198780577,0.871526167,Moderate,Weak,0.359326307,0.326964593,0.820387352,1
Jun15_Dec15,B3,TCWV,0.272576964,0.272576964,1.195076302,High,Moderate,0.359326307,0.326964593,0.820387352,1
Jun15_Dec15,B3,Residual_NDVI,-0.244119958,0.244119958,1.070310463,High,Weak,0.359326307,0.326964593,0.820387352,1
Jun15_Dec15,B4,Soil_Moisture,-0.317227158,0.317227158,0.95052498,Moderate,Moderate,0.42225621,0.386710556,0.783127987,4
Jun15_Dec15,B4,CAMS_AOD,0.220541857,0.220541857,0.892549376,Moderate,Weak,0.42225621,0.386710556,0.783127987,4
Jun15_Dec15,B4,TCWV,0.150160611,0.150160611,1.133023072,High,Weak,0.42225621,0.386710556,0.783127987,4
Jun15_Dec15,B4,Residual_NDVI,-0.343198197,0.343198197,1.008026087,High,Moderate,0.42225621,0.386710556,0.783127987,4
Jun15_Dec15,B5,Soil_Moisture,-0.231006547,0.231006547,0.912581163,Moderate,Weak,0.442263766,0.422672325,0.759820818,1
Jun15_Dec15,B5,CAMS_AOD,0.241658135,0.241658135,0.954659791,Moderate,Weak,0.442263766,0.422672325,0.759820818,1
Jun15_Dec15,B5,TCWV,0.308532004,0.308532004,1.218842058,High,Moderate,0.442263766,0.422672325,0.759820818,1
Jun15_Dec15,B5,Residual_NDVI,-0.222160603,0.222160603,0.877635655,Moderate,Weak,0.442263766,0.422672325,0.759820818,1
Jun15_Dec15,B8A,Soil_Moisture,-0.265683056,0.265683056,1.085028729,High,Moderate,0.397660902,0.381893232,0.786197665,1
Jun15_Dec15,B8A,CAMS_AOD,0.274578563,0.274578563,1.121357281,High,Moderate,0.397660902,0.381893232,0.786197665,1
Jun15_Dec15,B8A,TCWV,0.288577139,0.288577139,1.178526364,High,Moderate,0.397660902,0.381893232,0.786197665,1
Jun15_Dec15,B8A,Residual_NDVI,-0.102826622,0.102826622,0.419935848,Low,Weak,0.397660902,0.381893232,0.786197665,1
Jun15_Dec15,B9,Soil_Moisture,-0.247011276,0.247011276,1.069897366,High,Weak,0.355250498,0.334842268,0.815572027,1
Jun15_Dec15,B9,CAMS_AOD,0.256108003,0.256108003,1.109298661,High,Moderate,0.355250498,0.334842268,0.815572027,1
Jun15_Dec15,B9,TCWV,0.275097707,0.275097707,1.191550103,High,Moderate,0.355250498,0.334842268,0.815572027,1
Jun15_Dec15,B9,Residual_NDVI,-0.104528599,0.104528599,0.452752093,Low,Weak,0.355250498,0.334842268,0.815572027,1
Jun15_Dec15,B11,Soil_Moisture,-0.263073026,0.263073026,0.961947859,Moderate,Moderate,0.512426416,0.494355339,0.711086957,1
Jun15_Dec15,B11,CAMS_AOD,0.269665579,0.269665579,0.986054062,Moderate,Moderate,0.512426416,0.494355339,0.711086957,1
Jun15_Dec15,B11,TCWV,0.310877545,0.310877545,1.136748958,High,Moderate,0.512426416,0.494355339,0.711086957,1
Jun15_Dec15,B11,Residual_NDVI,-0.246155182,0.246155182,0.900086389,Moderate,Weak,0.512426416,0.494355339,0.711086957,1
Jun15_Dec15,B12,Soil_Moisture,-0.344855102,0.344855102,0.938607316,Moderate,Moderate,0.52125479,0.476678582,0.723409578,4
Jun15_Dec15,B12,CAMS_AOD,0.265046083,0.265046083,0.910665895,Moderate,Moderate,0.52125479,0.476678582,0.723409578,4
Jun15_Dec15,B12,TCWV,0.144666861,0.144666861,1.122101722,High,Weak,0.52125479,0.476678582,0.723409578,4
Jun15_Dec15,B12,Residual_NDVI,-0.394671734,0.394671734,1.015180605,High,Moderate,0.52125479,0.476678582,0.723409578,4
Apr15_Jun15,B2,Soil_Moisture,-0.170308337,0.170308337,0.549759658,Low,Weak,0.529298805,0.406722239,0.77024526,1
Apr15_Jun15,B2,CAMS_AOD,-0.276883298,0.276883298,0.893786351,Moderate,Moderate,0.529298805,0.406722239,0.77024526,1
Apr15_Jun15,B2,TCWV,0.077659338,0.077659338,0.250686325,Low,Negligible,0.529298805,0.406722239,0.77024526,1
Apr15_Jun15,B2,Residual_NDVI,-0.521700505,0.521700505,1.684062541,High,Strong,0.529298805,0.406722239,0.77024526,1
Apr15_Jun15,B3,Soil_Moisture,-0.240058348,0.240058348,0.784621308,Low,Weak,0.521349747,0.357271058,0.801703775,1
Apr15_Jun15,B3,CAMS_AOD,-0.188903856,0.188903856,0.617424855,Low,Weak,0.521349747,0.357271058,0.801703775,1
Apr15_Jun15,B3,TCWV,0.054342922,0.054342922,0.177617713,Low,Negligible,0.521349747,0.357271058,0.801703775,1
Apr15_Jun15,B3,Residual_NDVI,-0.527414988,0.527414988,1.72383523,High,Strong,0.521349747,0.357271058,0.801703775,1
Apr15_Jun15,B4,Soil_Moisture,-0.297338496,0.297338496,0.895968283,Moderate,Moderate,0.610856148,0.375885196,0.79000937,1
Apr15_Jun15,B4,CAMS_AOD,-0.171617339,0.171617339,0.517133485,Low,Weak,0.610856148,0.375885196,0.79000937,1
Apr15_Jun15,B4,TCWV,-0.028583611,0.028583611,0.08613082,Low,Negligible,0.610856148,0.375885196,0.79000937,1
Apr15_Jun15,B4,Residual_NDVI,-0.567319855,0.567319855,1.70950147,High,Strong,0.610856148,0.375885196,0.79000937,1
Apr15_Jun15,B5,Soil_Moisture,-0.27811538,0.27811538,1.005635231,High,Moderate,0.429926991,0.155328063,0.919060355,1
Apr15_Jun15,B5,CAMS_AOD,-0.075711302,0.075711302,0.273763905,Low,Negligible,0.429926991,0.155328063,0.919060355,1
Apr15_Jun15,B5,TCWV,0.085994072,0.085994072,0.310945295,Low,Negligible,0.429926991,0.155328063,0.919060355,1
Apr15_Jun15,B5,Residual_NDVI,-0.464176226,0.464176226,1.678411192,High,Strong,0.429926991,0.155328063,0.919060355,1
Apr15_Jun15,B8A,Soil_Moisture,-0.146066791,0.146066791,1.28486145,High,Weak,0.07386987,-0.299904309,1.140133461,1
Apr15_Jun15,B8A,CAMS_AOD,0.119692913,0.119692913,1.052866351,High,Weak,0.07386987,-0.299904309,1.140133461,1
Apr15_Jun15,B8A,TCWV,0.117490328,0.117490328,1.033491541,High,Weak,0.07386987,-0.299904309,1.140133461,1
Apr15_Jun15,B8A,Residual_NDVI,-0.047215887,0.047215887,0.415329672,Low,Negligible,0.07386987,-0.299904309,1.140133461,1
Apr15_Jun15,B9,Soil_Moisture,-0.106429999,0.106429999,0.913025297,Moderate,Weak,0.071860133,-0.147091893,1.071023759,1
Apr15_Jun15,B9,CAMS_AOD,0.060585315,0.060585315,0.519739979,Low,Negligible,0.071860133,-0.147091893,1.071023759,1
Apr15_Jun15,B9,TCWV,0.177947016,0.177947016,1.52654448,High,Weak,0.071860133,-0.147091893,1.071023759,1
Apr15_Jun15,B9,Residual_NDVI,-0.087691532,0.087691532,0.752274625,Low,Negligible,0.071860133,-0.147091893,1.071023759,1
Apr15_Jun15,B11,Soil_Moisture,-0.333374694,0.333374694,1.04778598,High,Moderate,0.564343281,0.123083991,0.936437937,1
Apr15_Jun15,B11,CAMS_AOD,-0.097593508,0.097593508,0.306733268,Low,Negligible,0.564343281,0.123083991,0.936437937,1
Apr15_Jun15,B11,TCWV,-0.005737593,0.005737593,0.018033071,Low,Negligible,0.564343281,0.123083991,0.936437937,1
Apr15_Jun15,B11,Residual_NDVI,-0.533136027,0.533136027,1.675629449,High,Strong,0.564343281,0.123083991,0.936437937,1
Apr15_Jun15,B12,Soil_Moisture,-0.34657081,0.34657081,0.968549572,Moderate,Moderate,0.710540869,0.35785657,0.801338524,1
Apr15_Jun15,B12,CAMS_AOD,-0.139241997,0.139241997,0.389134841,Low,Weak,0.710540869,0.35785657,0.801338524,1
Apr15_Jun15,B12,TCWV,-0.019410859,0.019410859,0.054246864,Low,Negligible,0.710540869,0.35785657,0.801338524,1
Apr15_Jun15,B12,Residual_NDVI,-0.610145211,0.610145211,1.705151923,High,Very Strong,0.710540869,0.35785657,0.801338524,1
Nov15_Jan15,B2,Soil_Moisture,-0.256214293,0.256214293,0.650331746,Low,Moderate,0.379768885,0.227225835,0.879075745,3
Nov15_Jan15,B2,CAMS_AOD,-0.145700898,0.145700898,0.75059347,Low,Weak,0.379768885,0.227225835,0.879075745,3
Nov15_Jan15,B2,TCWV,-0.069318928,0.069318928,0.768965029,Low,Negligible,0.379768885,0.227225835,0.879075745,3
Nov15_Jan15,B2,Residual_NDVI,-0.996491968,0.996491968,1.556396751,High,Very Strong,0.379768885,0.227225835,0.879075745,3
Nov15_Jan15,B3,Soil_Moisture,-0.420181941,0.420181941,0.799028174,Low,Strong,0.428545821,0.286012708,0.844977687,3
Nov15_Jan15,B3,CAMS_AOD,-0.112721293,0.112721293,0.703037907,Low,Weak,0.428545821,0.286012708,0.844977687,3
Nov15_Jan15,B3,TCWV,-0.099641904,0.099641904,0.849264978,Moderate,Negligible,0.428545821,0.286012708,0.844977687,3
Nov15_Jan15,B3,Residual_NDVI,-1.094983939,1.094983939,1.464937089,High,Very Strong,0.428545821,0.286012708,0.844977687,3
Nov15_Jan15,B4,Soil_Moisture,-0.295812828,0.295812828,0.890155455,Moderate,Moderate,0.469193027,-0.086175731,1.042197549,3
Nov15_Jan15,B4,CAMS_AOD,-0.01059098,0.01059098,0.601267478,Low,Negligible,0.469193027,-0.086175731,1.042197549,3
Nov15_Jan15,B4,TCWV,-0.090871901,0.090871901,0.46720847,Low,Negligible,0.469193027,-0.086175731,1.042197549,3
Nov15_Jan15,B4,Residual_NDVI,-1.106862891,1.106862891,1.621054265,High,Very Strong,0.469193027,-0.086175731,1.042197549,3
Nov15_Jan15,B5,Soil_Moisture,-0.308500628,0.308500628,0.844798533,Moderate,Moderate,0.404163428,-0.233332133,1.110554876,3
Nov15_Jan15,B5,CAMS_AOD,-0.066571831,0.066571831,0.657732879,Low,Negligible,0.404163428,-0.233332133,1.110554876,3
Nov15_Jan15,B5,TCWV,-0.046748827,0.046748827,0.59975297,Low,Negligible,0.404163428,-0.233332133,1.110554876,3
Nov15_Jan15,B5,Residual_NDVI,-1.004115319,1.004115319,1.579240094,High,Very Strong,0.404163428,-0.233332133,1.110554876,3
Nov15_Jan15,B8A,Soil_Moisture,-0.362686628,0.362686628,0.933026095,Moderate,Moderate,0.22795575,-0.576348783,1.255527293,3
Nov15_Jan15,B8A,CAMS_AOD,-0.030818475,0.030818475,0.702075236,Low,Negligible,0.22795575,-0.576348783,1.255527293,3
Nov15_Jan15,B8A,TCWV,0.025783608,0.025783608,0.958307455,Moderate,Negligible,0.22795575,-0.576348783,1.255527293,3
Nov15_Jan15,B8A,Residual_NDVI,-0.718144626,0.718144626,1.310801087,High,Very Strong,0.22795575,-0.576348783,1.255527293,3
Nov15_Jan15,B9,Soil_Moisture,-0.380606967,0.380606967,0.852917607,Moderate,Moderate,0.682194897,0.513573681,0.697442699,4
Nov15_Jan15,B9,CAMS_AOD,-0.059486247,0.059486247,0.374102455,Low,Negligible,0.682194897,0.513573681,0.697442699,4
Nov15_Jan15,B9,TCWV,-0.202059121,0.202059121,0.273829977,Low,Weak,0.682194897,0.513573681,0.697442699,4
Nov15_Jan15,B9,Residual_NDVI,-0.905762505,0.905762505,1.748598311,High,Very Strong,0.682194897,0.513573681,0.697442699,4
Nov15_Jan15,B11,Soil_Moisture,-0.882687042,0.882687042,1.604683361,High,Very Strong,0.587026623,0.324966687,0.82160411,4
Nov15_Jan15,B11,CAMS_AOD,-0.121135816,0.121135816,0.282115799,Low,Weak,0.587026623,0.324966687,0.82160411,4
Nov15_Jan15,B11,TCWV,-0.207402781,0.207402781,0.786259203,Low,Weak,0.587026623,0.324966687,0.82160411,4
Nov15_Jan15,B11,Residual_NDVI,-0.927300153,0.927300153,0.852759316,Moderate,Very Strong,0.587026623,0.324966687,0.82160411,4
Nov15_Jan15,B12,Soil_Moisture,-0.831037391,0.831037391,1.404268192,High,Very Strong,0.590600291,0.2568287,0.862073837,4
Nov15_Jan15,B12,CAMS_AOD,-0.148051058,0.148051058,0.398443436,Low,Weak,0.590600291,0.2568287,0.862073837,4
Nov15_Jan15,B12,TCWV,-0.326112188,0.326112188,0.816949984,Moderate,Moderate,0.590600291,0.2568287,0.862073837,4
Nov15_Jan15,B12,Residual_NDVI,-1.107633739,1.107633739,1.096296673,High,Very Strong,0.590600291,0.2568287,0.862073837,4
